Week,prevalence
1,206.1705794
2,3019.59078
3,14847.53608
4,45345.12263
5,56102.79217
6,63174.67095
7,66221.42367
8,67535.64655
9,68301.62294
10,68503.003
11,68612.9012
